Model Number,Cost (RMB),Capacity (CMH),Peak Efficiency (kWh / m3),ISMRE (kWh / kg)
AHU Model 1,50000,2000,0.00045,0.5
AHU Model 2,100000,4000,0.00043,0.48
AHU Model 3,150000,6000,0.0004,0.45
AHU Model 4,200000,8000,0.00038,0.43
AHU Model 5,250000,10000,0.00036,0.42
AHU Model 6,300000,12000,0.00034,0.4
AHU Model 7,350000,14000,0.00032,0.38
AHU Model 8,400000,16000,0.00031,0.37
AHU Model 9,450000,18000,0.00029,0.36
AHU Model 10,500000,20000,0.00028,0.34
